{"friends":[{"img":"http://i0.wp.com/youjivinmeturkey.files.wordpress.com/2012/10/benjamin_franklin_by_joseph-siffred_duplessis-via-en-wikipedia-org.jpg?resize=40%2C40","name":"Benjamin Franklin","title":"Inventor","friend_count":51},{"img":"http://www.urbangateway.org/sites/default/ugfiles/imagecache/user_tiny/images/default-user.png","name":"Ghangis Khan","title":"Warrior","friend_count":958},{"img":"http://www.urbangateway.org/sites/default/ugfiles/imagecache/user_tiny/images/default-user.png","name":"Mitchell Garabedian","title":"Sex Abuse Specialist","friend_count":0},{"img":"http://www.urbangateway.org/sites/default/ugfiles/imagecache/user_tiny/images/default-user.png","name":"Earnest Hemingway","title":"Drunk","friend_count":678},{"img":"http://www.urbangateway.org/sites/default/ugfiles/imagecache/user_tiny/images/default-user.png","name":"Arlen Specter","title":"Beaurecrat","friend_count":0},{"img":"http://www.urbangateway.org/sites/default/ugfiles/imagecache/user_tiny/images/default-user.png","name":"Martha Washington","title":"Herbologist","friend_count":32},{"img":"http://www.urbangateway.org/sites/default/ugfiles/imagecache/user_tiny/images/default-user.png","name":"Mao Tsedong","title":"Mathmetician","friend_count":983},{"img":"http://www.urbangateway.org/sites/default/ugfiles/imagecache/user_tiny/images/default-user.png","name":"Arnold Schwarzenegger","title":"Govenor","friend_count":12},{"img":"http://www.urbangateway.org/sites/default/ugfiles/imagecache/user_tiny/images/default-user.png","name":"George Carlin","title":"Prophet","friend_count":872},{"img":"http://www.urbangateway.org/sites/default/ugfiles/imagecache/user_tiny/images/default-user.png","name":"Jivan","title":"Similar to Charles","friend_count":20},{"img":"http://www.urbangateway.org/sites/default/ugfiles/imagecache/user_tiny/images/default-user.png","name":"Hershel Walker","title":"Runner","friend_count":538},{"img":"http://www.urbangateway.org/sites/default/ugfiles/imagecache/user_tiny/images/default-user.png","name":"Harry Houdini","title":"Wizard","friend_count":13},{"img":"http://www.urbangateway.org/sites/default/ugfiles/imagecache/user_tiny/images/default-user.png","name":"Ben Rothelisberger","title":"Quarterback","friend_count":7},{"img":"http://www.urbangateway.org/sites/default/ugfiles/imagecache/user_tiny/images/default-user.png","name":"Hans Solo","title":"Physicist","friend_count":4},{"img":"http://www.urbangateway.org/sites/default/ugfiles/imagecache/user_tiny/images/default-user.png","name":"Chewbaka","title":"Bouncer","friend_count":5},{"img":"http://www.urbangateway.org/sites/default/ugfiles/imagecache/user_tiny/images/default-user.png","name":"Stephen Spielberg","title":"Capitalist","friend_count":0},{"img":"http://www.urbangateway.org/sites/default/ugfiles/imagecache/user_tiny/images/default-user.png","name":"Frank Diamond","title":"Counter","friend_count":0},{"img":"http://www.urbangateway.org/sites/default/ugfiles/imagecache/user_tiny/images/default-user.png","name":"Peter Piper","title":"Pickle Picker","friend_count":984},{"img":"http://www.urbangateway.org/sites/default/ugfiles/imagecache/user_tiny/images/default-user.png","name":"Suzy Q","title":"Prostitute","friend_count":923},{"img":"http://www.urbangateway.org/sites/default/ugfiles/imagecache/user_tiny/images/default-user.png","name":"Frank Lucas","title":"Snitch","friend_count":1},{"img":"http://www.urbangateway.org/sites/default/ugfiles/imagecache/user_tiny/images/default-user.png","name":"Brittany Glover","title":"Web Developer","friend_count":842},{"img":"http://www.urbangateway.org/sites/default/ugfiles/imagecache/user_tiny/images/default-user.png","name":"Dante Passera","title":"Parking Lot Attendant","friend_count":910},{"img":"http://www.urbangateway.org/sites/default/ugfiles/imagecache/user_tiny/images/default-user.png","name":"George Costanza","title":"Middle Manager","friend_count":5},{"img":"http://www.urbangateway.org/sites/default/ugfiles/imagecache/user_tiny/images/default-user.png","name":"Sylvia Platt","title":"Occupation Unknown","friend_count":0},{"img":"http://www.urbangateway.org/sites/default/ugfiles/imagecache/user_tiny/images/default-user.png","name":"Johnny Quest","title":"Action Hero","friend_count":8}]}